item_id,name,domain,categories,location,stars
yelp_Pns2l4eNsfO8kk83dixA6A,"Abby Rappoport, LAC, CMQ",yelp,"Doctors, Traditional Chinese Medicine, Naturopathic/Holistic, Acupuncture, Health & Medical, Nutritionists","Santa Barbara, CA",5.0
yelp_mpf3x-BjTdTEA3yCZrAYPw,The UPS Store,yelp,"Shipping Centers, Local Services, Notaries, Mailbox Centers, Printing Services","Affton, MO",3.0
yelp_tUFrWirKiKi_TAnsVWINQQ,Target,yelp,"Department Stores, Shopping, Fashion, Home & Garden, Electronics, Furniture Stores","Tucson, AZ",3.5
yelp_MTSW4McQd7CbVtyjqoe9mw,St Honore Pastries,yelp,"Restaurants, Food, Bubble Tea, Coffee & Tea, Bakeries","Philadelphia, PA",4.0
yelp_mWMc6_wTdE0EUBKIGXDVfA,Perkiomen Valley Brewery,yelp,"Brewpubs, Breweries, Food","Green Lane, PA",4.5
yelp_CF33F8-E6oudUQ46HnavjQ,Sonic Drive-In,yelp,"Burgers, Fast Food, Sandwiches, Food, Ice Cream & Frozen Yogurt, Restaurants","Ashland City, TN",2.0
yelp_n_0UpQx1hsNbnPUSlodU8w,Famous Footwear,yelp,"Sporting Goods, Fashion, Shoe Stores, Shopping, Sports Wear, Accessories","Brentwood, MO",2.5
yelp_qkRM_2X51Yqxk3btlwAQIg,Temple Beth-El,yelp,"Synagogues, Religious Organizations","St. Petersburg, FL",3.5
yelp_k0hlBqXX-Bt0vf1op7Jr1w,Tsevi's Pub And Grill,yelp,"Pubs, Restaurants, Italian, Bars, American (Traditional), Nightlife, Greek","Affton, MO",3.0
yelp_bBDDEgkFA1Otx9Lfe7BZUQ,Sonic Drive-In,yelp,"Ice Cream & Frozen Yogurt, Fast Food, Burgers, Restaurants, Food","Nashville, TN",1.5
yelp_UJsufbvfyfONHeWdvAHKjA,Marshalls,yelp,"Department Stores, Shopping, Fashion","Land O' Lakes, FL",3.5
yelp_eEOYSgkmpB90uNA7lDOMRA,Vietnamese Food Truck,yelp,"Vietnamese, Food, Restaurants, Food Trucks","Tampa Bay, FL",4.0
yelp_il_Ro8jwPlHresjw9EGmBg,Denny's,yelp,"American (Traditional), Restaurants, Diners, Breakfast & Brunch","Indianapolis, IN",2.5
yelp_jaxMSoInw8Poo3XeMJt8lQ,Adams Dental,yelp,"General Dentistry, Dentists, Health & Medical, Cosmetic Dentists","Clearwater, FL",5.0
yelp_0bPLkL0QhhPO5kt1_EXmNQ,Zio's Italian Market,yelp,"Food, Delis, Italian, Bakeries, Restaurants","Largo, FL",4.5
yelp_MUTTqe8uqyMdBl186RmNeA,Tuna Bar,yelp,"Sushi Bars, Restaurants, Japanese","Philadelphia, PA",4.0
yelp_rBmpy_Y1UbBx8ggHlyb7hA,Arizona Truck Outfitters,yelp,"Automotive, Auto Parts & Supplies, Auto Customization","Tucson, AZ",4.5
yelp_M0XSSHqrASOnhgbWDJIpQA,Herb Import Co,yelp,"Vape Shops, Tobacco Shops, Personal Shopping, Vitamins & Supplements, Shopping","New Orleans, LA",4.0
yelp_8wGISYjYkE2tSqn3cDMu8A,Nifty Car Rental,yelp,"Automotive, Car Rental, Hotels & Travel, Truck Rental","Kenner, LA",3.5
yelp_ROeacJQwBeh05Rqg7F6TCg,BAP,yelp,"Korean, Restaurants","Philadelphia, PA",4.5
yelp_WKMJwqnfZKsAae75RMP6jA,Roast Coffeehouse and Wine Bar,yelp,"Coffee & Tea, Food, Cafes, Bars, Wine Bars, Restaurants, Nightlife","Edmonton, AB",4.0
yelp_qhDdDeI3K4jy2KyzwFN53w,Barnes & Noble Booksellers,yelp,"Shopping, Books, Mags, Music & Video, Bookstores","Indianapolis, IN",4.0
yelp_kfNv-JZpuN6TVNSO6hHdkw,Hibachi Express,yelp,"Steakhouses, Asian Fusion, Restaurants","Indianapolis, IN",4.0
yelp_9OG5YkX1g2GReZM0AskizA,Romano's Macaroni Grill,yelp,"Restaurants, Italian","Reno, NV",2.5
yelp_4iRzR7OaS-QaSXuvYxEGKA,Super Dog,yelp,"Hot Dogs, Restaurants","Nashville, TN",4.0
yelp_PSo_C1Sfa13JHjzVNW6ziQ,Indian Walk Veterinary Center,yelp,"Pet Services, Pet Groomers, Pets, Veterinarians","Newtown, PA",5.0
yelp_noByYNtDLQAra9ccqxdfDw,H&M,yelp,"Women's Clothing, Accessories, Children's Clothing, Men's Clothing, Adult, Shopping, Fashion","Santa Barbara, CA",3.0
yelp_tMkwHmWFUEXrC9ZduonpTg,The Green Pheasant,yelp,"Restaurants, Japanese, Seafood","Nashville, TN",4.0
yelp_QdN72BWoyFypdGJhhI5r7g,Bar One,yelp,"Cocktail Bars, Bars, Italian, Nightlife, Restaurants","Philadelphia, PA",4.0
yelp_sqSqqLy0sN8n2IZrAbzidQ,Domino's Pizza,yelp,"Pizza, Chicken Wings, Sandwiches, Restaurants","White House, TN",3.5
yelp_fvWn8oXXwbj2l79cochZyw,Altitude Trampoline Park - Boise,yelp,"Trampoline Parks, Active Life","Boise, ID",5.0
yelp_Mjboz24M9NlBeiOJKLEd_Q,DeSandro on Main,yelp,"Pizza, Restaurants, Salad, Soup","Philadelphia, PA",3.0
yelp_8sshLb4UU7emeUDvtJWnpA,DanceLine,yelp,"Dance Wear, Sports Wear, Children's Clothing, Arts & Entertainment, Social Clubs, Performing Arts, Sporting Goods, Shoe Stores, Fashion, Shopping","Paoli, PA",4.5
yelp_kV_Q1oqis8Qli8dUoGpTyQ,Ardmore Pizza,yelp,"Pizza, Restaurants","Ardmore, PA",3.5
yelp_w_AMNoI1iG9eay7ncmc67w,River 127,yelp,"Event Planning & Services, Hotels, Hotels & Travel","New Orleans, LA",3.0
yelp_aPNXGTDkf-4bjhyMBQxqpQ,Craft Hall,yelp,"Eatertainment, Arts & Entertainment, Brewpubs, American (Traditional), Bakeries, Breweries, Food, Restaurants","Philadelphia, PA",3.5
yelp_2xVsWBNFwZOxIOdd9Mwnww,Cheeseburger In Paradise,yelp,"Restaurants, Burgers","Exton, PA",2.5
yelp_mGFsPRHdE6SMV1gYQ6GzgQ,T-Mobile,yelp,"Mobile Phones, Telecommunications, Electronics, Mobile Phone Accessories, Local Services, Shopping, IT Services & Computer Repair","Wilmington, DE",2.0
yelp_LcAozWCMLGjwRbokaJAKMg,Edwardsville Children's Museum,yelp,"Museums, Kids Activities, Arts & Entertainment, Education, Active Life, Playgrounds, Children's Museums","Edwardsville, IL",4.5
yelp_fSCNwMtNNQY9QT69Cj9fiA,Sierra Pro Events,yelp,"Musicians, DJs, Karaoke, Event Planning & Services, Nightlife","Sparks, NV",5.0
yelp_x1mhq4IpWctQOBM06dU8vg,Diamond Hair Company,yelp,"Hair Salons, Hair Extensions, Beauty & Spas, Wigs, Shopping","Indianapolis, IN",1.5
yelp_ljxNT9p0y7YMPx0fcNBGig,Tony's Restaurant & 3rd Street Cafe,yelp,"Restaurants, Specialty Food, Steakhouses, Food, Italian, Pizza, Pasta Shops","Alton, IL",3.0
yelp_lwItZ1Ck3KtpCgG4CPFmpQ,Stomel Elliot Attorney-At-Law,yelp,"DUI Law, Professional Services, Lawyers, Criminal Defense Law","Cherry Hill, NJ",5.0
yelp_Kq51_lGAgAigqmENITTr-A,Bala Better Health,yelp,"Health & Medical, Beauty & Spas, Laser Hair Removal, Doctors, Hair Removal, Chiropractors, Weight Loss Centers, Sports Medicine, Medical Spas, Skin Care","Bala Cynwyd, PA",4.0
yelp_mglME3E7esPSpIF5bias8w,Pier 1,yelp,"Fashion, Shopping, Department Stores, Furniture Stores, Candle Stores, Home & Garden, Home Decor","Springfield, PA",2.5
yelp_wghnIlMb_i5U46HMBGx9ig,China Dragon Restaurant,yelp,"Restaurants, Chinese","Tucson, AZ",3.0
yelp_JX4tUpd09YFchLBuI43lGw,Naked Cyber Cafe & Espresso Bar,yelp,"Arts & Entertainment, Music Venues, Internet Service Providers, Nightlife, Food, Coffee & Tea, Jazz & Blues, Professional Services, Internet Cafes","Edmonton, AB",4.0
yelp_lk9IwjZXqUMqqOhM774DtQ,Caviar & Bananas,yelp,"Coffee & Tea, Restaurants, Wine Bars, Bars, Nightlife, American (Traditional), Event Planning & Services, Food, Caterers, Breakfast & Brunch, Cafes, Diners","Nashville, TN",3.5
yelp_bCBPXIVfVzBZBEpFu29dcg,All In Shipping,yelp,"Shipping Centers, Local Services","Belleville, IL",5.0
yelp_ABxoFuzZy5mqQ8C5FJJajQ,Core de Roma,yelp,"Restaurants, Italian","Bala Cynwyd, PA",5.0
yelp_Hwt3_mOEmU-t--ywcemnMg,Gold's Gym,yelp,"Active Life, Fitness & Instruction, Trainers, Gyms, Yoga","St. Petersburg, FL",3.0
yelp_REwfwz-_-CMQ7Np5UVi9Qg,Jennie Deckert,yelp,"Real Estate Agents, Home Services, Real Estate","Carmel, IN",5.0
yelp_5BmQX4UVJY19mMtafMg7JA,Breadland Organic Whole Grain Bakery,yelp,"Specialty Food, Bakeries, Food, Health Markets","Edmonton, AB",4.0
yelp_cVBxfMC4lp3DnocjYA3FHQ,Paws The Cat Cafe,yelp,"Coffee & Tea, Cafes, Pets, Restaurants, Pet Adoption, Food","Edmonton, AB",5.0
yelp_0qNpTGTcqPwOLi2hADx4Xw,Charlie's Market,yelp,"Food, Grocery, Convenience Stores","Tampa, FL",3.0
yelp_xM6LoUcnpDpMBzXs_7dXAg,Fairfield Inn & Suites,yelp,"Hotels, Hotels & Travel, Event Planning & Services","Kennett Square, PA",3.0
yelp_txyXRytGjwOXvS8s4sc-WA,Smoothie King,yelp,"Vitamins & Supplements, Ice Cream & Frozen Yogurt, Food, Juice Bars & Smoothies, Shopping","Tucson, AZ",3.0
yelp_DQ7PyYlp2bX96WZa7TcaWQ,LensCrafters,yelp,"Ophthalmologists, Eyewear & Opticians, Health & Medical, Shopping, Doctors, Optometrists","Plymouth Meeting, PA",2.5
yelp_uI9XODGY_2_ieTE6xJ0myw,Roman Forum,yelp,"Restaurants, American (New), Italian","Tampa, FL",4.0
amazon_1,Sample entry 1,amazon,E-Commerce,Online / E-Commerce,4.0
amazon_2,Sample entry 2,amazon,E-Commerce,Online / E-Commerce,4.0
yelp_naija_1,Yellow Chilli Bar & Restaurant,yelp,"Restaurants, Nigerian, African, Casual Dining","Lagos, LA",4.5
yelp_naija_2,Bungalow Restaurant,yelp,"Restaurants, Fusion, Seafood, Bars, Nightlife","Lagos, LA",4.2
yelp_naija_3,White House Buka,yelp,"Restaurants, Food, African, Buka, Mama Put","Lagos, LA",4.3
yelp_naija_4,Mega Plaza Shopping Mall,yelp,"Shopping, Department Stores, Retail & Shopping","Lagos, LA",4.0
yelp_naija_5,Deano's Beer Parlour,yelp,"Pubs, Bars, Restaurants, Beer Parlour, Nightlife","Lagos, LA",4.4
yelp_naija_6,Glover Court Suya,yelp,"Food, Restaurants, Suya Joint, Specialty Food, Grill","Lagos, LA",4.7
yelp_naija_7,Perfect Touch Salon & Spa,yelp,"Beauty & Spas, Hair Salons, Nail Salons, Slay Queen","Abuja, FC",4.6
yelp_naija_8,Jazzhole Cafe & Bookstore,yelp,"Food, Coffee & Tea, Cafes, Books, Nightlife","Lagos, LA",4.8
amazon_naija_9,Pack of Active Pepper Suya Spice,amazon,"E-Commerce, Groceries, Spices, Suya",Online / E-Commerce,4.5
amazon_naija_10,Premium Hand-Woven Ankara Fabric,amazon,"E-Commerce, Fashion, Clothing, Ankara",Online / E-Commerce,4.7
